well_id,gw_memory,max_r2_selected_configs
1310032,54.02805611222445,0.4908257720091623
1310048,67.01402805611222,0.5231364704073984
2110017,52.104208416833664,0.7011567537245394
2942002,70.22044088176352,0.4441112795292909
2942003,48.897795591182366,0.5892197979954625
2942006,59.639278557114224,0.4569152222117794
3414004,49.21843687374749,0.4296273705285073
3414005,63.326653306613224,0.4457537496635156
3430012,31.743486973947896,0.4733574649363426
3430013,48.897795591182366,0.4977794398754939
3431006,46.97394789579158,0.4849759629363833
3431007,47.454909819639276,0.6677341767604738
3431008,63.0060120240481,0.5349379042568017
3431011,48.416833667334664,0.4065094285920804
3431012,72.30460921843687,0.6832552160381969
3434005,51.4629258517034,0.5964391899309333
3434006,48.7374749498998,0.6593820029702261
3434007,44.569138276553105,0.5317668584089132
3434008,55.6312625250501,0.7072485828966917
3434009,51.142284569138276,0.7547260072426787
3450006,45.69138276553106,0.5359899643121445
3450007,49.53907815631263,0.6615530496754396
3450008,47.13426853707415,0.6916640276678615
3450012,30.941883767535067,0.4267887147173224
3450013,61.883767535070135,0.7228639960153558
3450014,68.77755511022043,0.7266376961719062
3450017,52.4248496993988,0.5820612187609062
3451003,67.01402805611222,0.706693043019851
3451005,69.73947895791584,0.7878227472573603
3451007,64.44889779559118,0.4020815368505901
3451011,75.03006012024048,0.598125876105435
3451013,53.547094188376754,0.5819863804953889
3451014,76.47294589178357,0.5518220916521399
3451015,74.70941883767534,0.6039950335094549
3453005,75.19038076152304,0.4067425402302735
3805002,72.46492985971943,0.4311649592008322
3940003,50.66132264529058,0.4677522276169607
3940004,48.897795591182366,0.4253476859826732
3940005,68.61723446893787,0.5440588348185407
3940007,71.82364729458918,0.5499711917578783
4100001,28.537074148296593,0.4035058642778745
4120003,76.15230460921843,0.4766828497133137
4120005,76.7935871743487,0.5886085789529784
4120013,71.18236472945891,0.435763740007829
4120017,75.35070140280561,0.4264038169118356
4200001,68.45691382765531,0.4258122203258622
4200003,74.38877755511022,0.4245649209209429
4307001,16.673346693386772,0.5258226470468893
4308004,42.64529058116232,0.5558124221896151
4308006,47.29458917835671,0.5592090745550452
4314007,64.92985971943888,0.4228020888836267
4320004,22.765531062124246,0.6587262916287333
4320005,27.414829659318634,0.6491468884427114
4320006,18.917835671342683,0.6251926247246378
4320007,30.62124248496994,0.6316769975765468
4320008,32.06412825651302,0.4684503452340196
4320009,38.95791583166333,0.4244161040008088
4320013,45.85170340681363,0.5270112003445612
4320016,52.26452905811623,0.4105024717249058
4321002,50.02004008016032,0.5260844577589343
4321003,52.4248496993988,0.4484202765257495
4321005,46.49298597194389,0.493577428281604
4321006,76.47294589178357,0.7392234965811498
4331013,45.85170340681363,0.5202723897572208
4331014,71.34268537074148,0.4736364454401879
4334002,50.02004008016032,0.5329956231866062
4335006,50.66132264529058,0.6389736678782687
4400010,51.78356713426854,0.5877261387703339
4400012,64.60921843687375,0.6225753725432471
4400016,72.94589178356713,0.5266943627678338
4400019,76.47294589178357,0.667302257630095
4400023,46.65330661322645,0.9121481896859264
4400040,50.82164328657314,0.5950498243189468
4522004,38.31663326653307,0.5139613746471541
4522005,48.57715430861723,0.5892077658158227
4522006,28.537074148296593,0.4950702998430825
4524003,50.02004008016032,0.4105428476407842
4533006,16.03206412825651,0.48493102840758
4537004,32.86573146292585,0.5188129488236762
4537006,62.84569138276553,0.4213682320900159
4537010,24.04809619238477,0.5569862365132282
4537011,27.414829659318634,0.4538957092536111
4540011,59.95991983967936,0.6300098208197775
4550006,35.11022044088176,0.5005621511531186
4551006,67.49498997995991,0.4380495516487619
4553007,30.781563126252504,0.4691374027519463
4555004,70.38076152304609,0.4036570970165588
4555006,42.00400801603206,0.7971512658429482
4723003,46.012024048096194,0.5319523001290091
4725002,54.989979959919836,0.7321445736834865
4800001,34.4689378757515,0.5770027673045194
5100009,44.40881763527054,0.6303706491181981
5101007,33.02605210420842,0.4590364703635859
5110005,47.454909819639276,0.7682921197715311
5120008,47.454909819639276,0.6535623866208794
5120010,37.99599198396793,0.609590275535614
5120012,21.32264529058116,0.6662784610440443
5120013,46.172344689378754,0.7708381401454781
5120014,44.72945891783567,0.7751032912870731
5210006,16.993987975951903,0.695657524677635
5221007,30.140280561122243,0.4504085191138931
5410011,27.895791583166332,0.4687521690006081
5410014,30.62124248496994,0.5553923335233173
5410015,41.523046092184366,0.6154998799697153
5410016,26.773547094188377,0.8616262796678367
5410017,35.91182364729459,0.8011512638764151
5410018,32.705410821643284,0.6082754253710487
5410019,28.537074148296593,0.757409898764157
5410020,47.61523046092184,0.7411365694725732
5410021,30.781563126252504,0.7233494953709332
5414007,23.887775551102205,0.7429513485108831
5414008,22.765531062124246,0.5332630203775918
5415008,49.53907815631263,0.680965395674152
5424008,31.102204408817634,0.4603563926577669
5426018,44.569138276553105,0.508443803085545
5426021,42.48496993987976,0.4312849795541821
5428004,71.82364729458918,0.5402854780016917
5428008,31.262525050100198,0.5371567906717131
5428010,42.16432865731463,0.4459991772076246
5520006,37.675350701402806,0.5708411825099567
5520008,31.422845691382765,0.4670845677562407
5520016,41.523046092184366,0.5989421867074578
5520018,41.8436873747495,0.7814315824247787
5520023,48.57715430861723,0.6280996857639319
5520024,57.71543086172345,0.6717285948569864
5712004,31.743486973947896,0.473195968114636
5712005,41.68336673346693,0.6034542271979261
5712006,62.525050100200396,0.4094013878422451
5713011,19.559118236472944,0.4859608351505782
5713012,44.40881763527054,0.556281559886225
5713013,48.09619238476954,0.6358520369073664
5713014,63.967935871743485,0.477269948913524
5714001,16.673346693386772,0.670459780552505
5714002,13.947895791583166,0.4731038794817434
5715002,34.789579158316634,0.5706518586925242
5715003,24.208416833667332,0.5019672651591095
5715004,28.056112224448896,0.4345447525723437
5730018,30.781563126252504,0.492568771593734
5730027,61.883767535070135,0.5544089996119363
5730028,58.3567134268537,0.7831833320731233
5730036,48.256513026052104,0.527676616511706
5731004,35.591182364729455,0.4552623603230143
5731005,53.86773547094188,0.5297886594886165
5731006,63.326653306613224,0.6373135953886999
5732008,63.80761523046092,0.5251366976038894
5732011,47.93587174348697,0.6620168890173695
5733011,30.941883767535067,0.5587793518213643
5733013,44.569138276553105,0.4607449659975742
5734004,46.49298597194389,0.440825441729508
5734005,45.69138276553106,0.5897970219230655
5734010,41.8436873747495,0.6613909930215669
5735006,41.04208416833667,0.6709571819875896
5735008,40.881763527054105,0.5000917463026978
5735009,54.02805611222445,0.4331574024827535
5735011,51.302605210420836,0.4495117582888
5736003,30.460921843687373,0.59992248941186
5736004,52.4248496993988,0.5566761193710141
5737014,43.92785571142284,0.763975528036609
5737016,52.745490981963925,0.4971381639909361
5744008,52.104208416833664,0.4314215258648633
6011004,46.65330661322645,0.520800334798346
6011005,27.25450901803607,0.6877249819278287
6011014,19.879759519038075,0.5849090307847924
6011024,64.60921843687375,0.5464381946937265
6012005,38.31663326653307,0.53244668730604
6012010,23.887775551102205,0.4500716091746297
6014003,32.86573146292585,0.4156685243714552
6030006,46.97394789579158,0.4326143890831858
6030008,68.29659318637275,0.4399208268735033
6051007,71.18236472945891,0.5655756381607839
6130004,45.37074148296593,0.4194699878515733
6131001,66.85370741482966,0.4019415799865408
